district,url
Ahmednagar,https://ngosindia.org/maharashtra/ahmednagar-ngos/
Akola,https://ngosindia.org/maharashtra/akola-ngos/
Amravati,https://ngosindia.org/maharashtra/amravati-ngos/
Aurangabad,https://ngosindia.org/maharashtra/aurangabad-ngos/
Beed,https://ngosindia.org/maharashtra/beed-ngos/
Bhandara,https://ngosindia.org/maharashtra/bhandara-ngos/
Buldhana,https://ngosindia.org/maharashtra/buldhana-ngos/
Chandrapur,https://ngosindia.org/maharashtra/chandrapur-ngos/
Dhule,https://ngosindia.org/maharashtra/dhule-ngos/
Gadchiroli,https://ngosindia.org/maharashtra/gadchiroli-ngos/
Gondia,https://ngosindia.org/maharashtra/gondia-ngos/
Hingoli,https://ngosindia.org/maharashtra/hingoli-ngos/
Jalgaon,https://ngosindia.org/maharashtra/jalgaon-ngos/
Jalna,https://ngosindia.org/maharashtra/jalna-ngos/
Kolhapur,https://ngosindia.org/maharashtra/kolhapur-ngos/
Latur,https://ngosindia.org/maharashtra/latur-ngos/
Mumbai,https://ngosindia.org/mumbai/
Nagpur,https://ngosindia.org/maharashtra/nagpur-ngos/
Nanded,https://ngosindia.org/maharashtra/nanded-ngos/
Nandurbar,https://ngosindia.org/maharashtra/nandurbar-ngos/
Nashik,https://ngosindia.org/maharashtra/nashik-ngos/
Osmanabad,https://ngosindia.org/maharashtra/osmanabad-ngos/
Palghar,https://ngosindia.org/maharashtra/palghar-ngos/
Parbhani,https://ngosindia.org/maharashtra/parbhani-ngos/
Pune,https://ngosindia.org/maharashtra/pune-ngos/
Raigad,https://ngosindia.org/maharashtra/raigad-ngos/
Ratnagiri,https://ngosindia.org/maharashtra/ratnagiri-ngos/
Sangli,https://ngosindia.org/maharashtra/sangli-ngos/
Satara,https://ngosindia.org/maharashtra/satara-ngos/
Sindhudurg,https://ngosindia.org/maharashtra/sindhudurg-ngos/
Solapur,https://ngosindia.org/maharashtra/solapur-ngos/
Thane,https://ngosindia.org/maharashtra/thane-ngos/
Wardha,https://ngosindia.org/maharashtra/wardha-ngos/
Washim,https://ngosindia.org/maharashtra/washim-ngos/
Yavatmal,https://ngosindia.org/maharashtra/yavatmal-ngos/
